{
  "name": "Automatic Grouping Tickets to Problem & Incidents",
  "description": "ZIS Demo flow to demonstrate how automatically group tickets into Problem and Incidents",
  "zis_template_version": "2019-10-14",
  "resources": {
    "action_search_open_tickets_for_listingid": {
      "type": "ZIS::Action::Http",
      "properties": {
        "name": "action_search_open_tickets_for_listingid",
        "definition": {
          "method": "GET",
          "path.$": "/api/v2/search?query=type:ticket%20status:new%20status:open%20custom_field_{{$.fieldId}}:{{$.listingId}}&sort_by=created_at",
          "headers": [
            {
              "key": "Authorization",
              "value": "Bearer {{$.accessToken}}"
            },
            {
              "key": "Content-Type",
              "value": "application/json"
            }
          ]
        }
      }
    },
    "action_get_ticket": {
      "type": "ZIS::Action::Http",
      "properties": {
        "name": "action_get_ticket",
        "definition": {
          "method": "GET",
          "path.$": "/api/v2/tickets/{{$.ticketId}}",
          "headers": [
            {
              "key": "Authorization",
              "value": "Bearer {{$.accessToken}}"
            },
            {
              "key": "Content-Type",
              "value": "application/json"
            }
          ]
        }
      }
    },
    "action_update_ticket": {
      "type": "ZIS::Action::Http",
      "properties": {
        "name": "action_update_ticket",
        "definition": {
          "method": "PUT",
          "path.$": "/api/v2/tickets/{{$.ticketId}}",
          "headers": [
            {
              "key": "Authorization",
              "value": "Bearer {{$.accessToken}}"
            },
            {
              "key": "Content-Type",
              "value": "application/json"
            }
          ],
          "requestBody.$": "$.ticketBody"
        }
      }
    },
    "flow_automatic_grouping_tickets_problem_incident": {
      "type": "ZIS::Flow",
      "properties": {
        "name": "automatic_grouping_tickets_problem_incident_flow",
        "definition": {
          "StartAt": "LoadConfig",
          "States": {
            "LoadConfig": {
              "Type": "Action",
              "ActionName": "zis:common:action:LoadConfig",
              "Parameters": {
                "scope": "automatic-grouping-tickets-problem-incident-flow"
              },
              "ResultPath": "$.model.config",
              "Next": "GetFullTicket"
            },
            "GetFullTicket": {
              "Type": "Action",
              "ActionName": "zis:%INTEGRATION_NAME%:action:action_get_ticket",
              "Parameters": {
                "ticketId.$": "{{$.input.ticket_event.ticket.id}}",
                "accessToken.$": "$.connections.zendesk.access_token"
              },
              "ResultPath": "$.model.newTicket",
              "Next": "ExtractListingId"
            },
            "ExtractListingId": {
              "Type": "Action",
              "ActionName": "zis:common:transform:Jq",
              "Parameters": {
                "expr": ".config.listingId_fieldId as $fieldId | .newTicket.ticket.custom_fields[] | select(.id == $fieldId)",
                "data.$": "$.model"
              },
              "ResultPath": "$.model.listingId",
              "Next": "CheckListingId"
            },
            "CheckListingId": {
              "Type": "Choice",
              "Choices": [
                {
                  "Variable": "$.model.listingId.value",
                  "IsNull": false,
                  "Next": "SearchOpenTickets"
                }
              ],
              "Default": "Done"
            },
            "SearchOpenTickets": {
              "Type": "Action",
              "ActionName": "zis:%INTEGRATION_NAME%:action:action_search_open_tickets_for_listingid",
              "Parameters": {
                "listingId.$": "$.model.listingId.value",
                "fieldId.$": "$.model.config.listingId_fieldId",
                "accessToken.$": "$.connections.zendesk.access_token"
              },
              "ResultPath": "$.model.openTicketsForListingId",
              "Next": "CheckIfOtherTicketsTargetingListingId"
            },
            "CheckIfOtherTicketsTargetingListingId": {
              "Type": "Choice",
              "Choices": [
                {
                  "Variable": "$.model.openTicketsForListingId.count",
                  "NumericGreaterThan": 0,
                  "Next": "GetFirstTicket"
                }
              ],
              "Default": "Done"
            },
            "GetFirstTicket": {
              "Type": "Action",
              "ActionName": "zis:common:transform:Jq",
              "Parameters": {
                "expr": ".results[0]",
                "data.$": "$.model.openTicketsForListingId"
              },
              "ResultPath": "$.model.firstTicket",
              "Next": "IsProblemTicket"
            },
            "IsProblemTicket": {
              "Type": "Choice",
              "Choices": [
                {
                  "Or": [
                    {
                      "Not": {
                        "Variable": "$.model.firstTicket.type",
                        "StringEquals": "problem"
                      }
                    },
                    {
                      "Variable": "$.model.firstTicket.type",
                      "IsNull": true
                    }
                  ],
                  "Next": "CreateUpdateTicketPayload"
                }
              ],
              "Default": "CreateIncidentTicketPayload"
            },
            "CreateUpdateTicketPayload": {
              "Type": "Action",
              "ActionName": "zis:common:transform:Jq",
              "Parameters": {
                "expr": "{ ticket: {type:\"problem\"} }",
                "data.$": "$.model.firstTicket"
              },
              "ResultPath": "$.ticketPayload",
              "Next": "UpdateProblemTicket"
            },
            "UpdateProblemTicket": {
              "Type": "Action",
              "ActionName": "zis:%INTEGRATION_NAME%:action:action_update_ticket",
              "Parameters": {
                "ticketId.$": "$.model.firstTicket.id",
                "ticketBody.$": "$.ticketPayload",
                "accessToken.$": "$.connections.zendesk.access_token"
              },
              "Next": "CreateIncidentTicketPayload"
            },
            "CreateIncidentTicketPayload": {
              "Type": "Action",
              "ActionName": "zis:common:transform:Jq",
              "Parameters": {
                "expr": "{ ticket: {type:\"incident\", problem_id: .id} }",
                "data.$": "$.model.firstTicket"
              },
              "ResultPath": "$.incidentTicketPayload",
              "Next": "UpdateIncidentTicket"
            },
            "UpdateIncidentTicket": {
              "Type": "Action",
              "ActionName": "zis:%INTEGRATION_NAME%:action:action_update_ticket",
              "Parameters": {
                "ticketId.$": "$.model.newTicket.ticket.id",
                "ticketBody.$": "$.incidentTicketPayload",
                "accessToken.$": "$.connections.zendesk.access_token"
              },
              "Next": "Done"
            },
            "Done": {
              "Type": "Succeed"
            }
          }
        }
      }
    },
    "jobspec_handle_ticket_event": {
      "type": "ZIS::JobSpec",
      "properties": {
        "name": "automatic_grouping_tickets_problem_incident",
        "event_source": "support",
        "event_type": "ticket.TicketCreated",
        "flow_name": "zis:%INTEGRATION_NAME%:flow:automatic_grouping_tickets_problem_incident_flow"
      }
    }
  }
}
