{
    "name": "Create Profile at Salesforce contact creation",
    "description": "Create Sunshine Profile when a Salesforce contact is created",
    "zis_template_version": "2019-10-14",
    "resources": {
        "create_sunshine_event": {
            "type": "ZIS::Action::Http",
            "properties": {
                "name": "create_sunshine_event",
                "definition": {
                    "method": "POST",
                    "url": "https://{{$.subdomain}}.{{$.zendeskHost}}/api/v2/user_profiles/events",
                    "headers": [
                        {
                            "key": "Authorization",
                            "value": "Bearer {{$.accessToken}}"
                        }
                    ],
                    "requestBody": {
                        "event": "{{$.event}}",
                        "profile": "{{$.profile}}"
                    }
                }
            }
        },
        "flow-handle-contact-created": {
            "type": "ZIS::Flow",
            "properties": {
                "name": "handle-contact-created",
                "definition": {
                    "StartAt": "Transform.Profile",
                    "States": {
                        "Transform.Profile": {
                            "Type": "Action",
                            "ActionName": "zis:common:transform:Jq",
                            "Parameters": {
                                "expr": ". | {  \"source\": \"salesforce\",\n  \"type\": \"contact\"\n, \"name\": \"\\(.new[0].FirstName) \\(.new[0].LastName)\" ,\"identifiers\": [  {\"type\": \"email\", \"value\": .new[0].Email }, { \"type\": \"external_id\", \"value\": .new[0].Id } ], \"attributes\": { \"first_name\": .new[0].FirstName, \"last_name\": .new[0].LastName, \"phone\": .new[0].Phone }}",
                                "data.$": "$.input"
                            },
                            "ResultPath": "$.sunshine_profile_payload",
                            "Next": "Transform.Event"
                        },
                        "Transform.Event": {
                            "Type": "Action",
                            "ActionName": "zis:common:transform:Jq",
                            "Parameters": {
                                "expr": ". | {\n  \"type\": \"contact_created\", \"source\": \"salesforce\", \"description\": \"Salesforce contact created\", \"properties\": { \"contact_id\": .new[0].Id  } }",
                                "data.$": "$.input"
                            },
                            "ResultPath": "$.sunshine_event_payload",
                            "Next": "CreateEvent"
                        },
                        "CreateEvent": {
                            "Type": "Action",
                            "ActionName": "zis:%INTEGRATION_NAME%:action:create_sunshine_event",
                            "Parameters": {
                                "event.$": "$.sunshine_event_payload",
                                "profile.$": "$.sunshine_profile_payload",
                                "accessToken.$": "$.connections.zendesk.access_token"
                            },
                            "End": true
                        }
                    }
                }
            }
        },
        "jobspec_handle_ticket_webhook": {
            "type": "ZIS::JobSpec",
            "properties": {
                "name": "handle-contact-created-webhook",
                "event_source": "salesforce",
                "event_type": "AtContactCreation",
                "flow_name": "zis:%INTEGRATION_NAME%:flow:handle-contact-created"
            }
        }
    }
}