{
  "name": "Extract data from ticket body",
  "description": "Extract data from ticket body into a ticket field at ticket creation using a regex expression",
  "zis_template_version": "2019-10-14",
  "resources": {
    "action_get_ticket": {
      "type": "ZIS::Action::Http",
      "properties": {
        "name": "action_get_ticket",
        "definition": {
          "method": "GET",
          "path.$": "/api/v2/tickets/{{$.ticketId}}",
          "headers": [
            {
              "key": "Authorization",
              "value": "Bearer {{$.accessToken}}"
            },
            {
              "key": "Content-Type",
              "value": "application/json"
            }
          ]
        }
      }
    },
    "action_update_ticket": {
      "type": "ZIS::Action::Http",
      "properties": {
        "name": "action_update_ticket",
        "definition": {
          "method": "PUT",
          "path.$": "/api/v2/tickets/{{$.ticketId}}",
          "headers": [
            {
              "key": "Authorization",
              "value": "Bearer {{$.accessToken}}"
            },
            {
              "key": "Content-Type",
              "value": "application/json"
            }
          ],
          "requestBody.$": "$.ticketBody"
        }
      }
    },
    "flow_extract_data_from_ticket_body": {
      "type": "ZIS::Flow",
      "properties": {
        "name": "extract_data_from_ticket_body",
        "definition": {
          "StartAt": "LoadConfig",
          "States": {
            "LoadConfig": {
              "Type": "Action",
              "ActionName": "zis:common:action:LoadConfig",
              "Parameters": {
                "scope": "extract-data-from-ticket-body"
              },
              "ResultPath": "$.model.config",
              "Next": "GetFullTicket"
            },
            "GetFullTicket": {
              "Type": "Action",
              "ActionName": "zis:%INTEGRATION_NAME%:action:action_get_ticket",
              "Parameters": {
                "ticketId.$": "{{$.input.ticket_event.ticket.id}}",
                "accessToken.$": "$.connections.zendesk.access_token"
              },
              "ResultPath": "$.model.fullTicket",
              "Next": "ExtractFieldFromBody"
            },
            "ExtractFieldFromBody": {
              "Type": "Action",
              "ActionName": "zis:common:transform:Jq",
              "Parameters": {
                "expr": ".config.regexExpression as $regexExpr | .fullTicket.ticket.description | match($regexExpr) | .captures[0].string | select(.)",
                "data.$": "$.model"
              },
              "ResultPath": "$.model.fieldValue",
              "Next": "CheckIfValueIsSet"
            },
            "CheckIfValueIsSet": {
              "Type": "Choice",
              "Choices": [
                {
                  "Not": {
                    "Variable": "$.model.fieldValue",
                    "StringEquals": ""
                  },
                  "Next": "CreateTicketPayload"
                }
              ],
              "Default": "Done"
            },
            "CreateTicketPayload": {
              "Type": "Action",
              "ActionName": "zis:common:transform:Jq",
              "Parameters": {
                "expr": ".config.ticketFieldId as $fieldId | .fieldValue as $fieldValue | . | { ticket: { custom_fields: [ { id: $fieldId, value: $fieldValue } ] } }",
                "data.$": "$.model"
              },
              "ResultPath": "$.model.ticketPayload",
              "Next": "UpdateTicket"
            },
            "UpdateTicket": {
              "Type": "Action",
              "ActionName": "zis:%INTEGRATION_NAME%:action:action_update_ticket",
              "Parameters": {
                "ticketId.$": "$.model.fullTicket.ticket.id",
                "ticketBody.$": "$.model.ticketPayload",
                "accessToken.$": "$.connections.zendesk.access_token"
              },
              "Next": "Done"
            },
            "Done": {
              "Type": "Succeed"
            }
          }
        }
      }
    },
    "jobspec_extract_data_from_ticket_body": {
      "type": "ZIS::JobSpec",
      "properties": {
        "name": "extract_data_from_ticket_body",
        "event_source": "support",
        "event_type": "ticket.TicketCreated",
        "flow_name": "zis:%INTEGRATION_NAME%:flow:extract_data_from_ticket_body"
      }
    }
  }
}