{
  "name": "Post Ticket to Webhook",
  "description": "Posts ticket data to an external target on ticket create",
  "zis_template_version": "2019-10-14",
  "resources": {
    "action_get_ticket": {
      "type": "ZIS::Action::Http",
      "properties": {
        "name": "action_get_ticket",
        "definition": {
          "method": "GET",
          "path.$": "/api/v2/tickets/{{$.ticketId}}",
          "headers": [
            {
              "key": "Authorization",
              "value": "Bearer {{$.accessToken}}"
            },
            {
              "key": "Content-Type",
              "value": "application/json"
            }
          ]
        }
      }
    },
    "action_post_ticket_data": {
      "type": "ZIS::Action::Http",
      "properties": {
        "name": "action_post_ticket_data",
        "definition": {
          "method": "POST",
          "url": "{{$.webhookUrl}}",
          "headers": [
            {
              "key": "X-Zendesk-Ticket-Id",
              "value.$": "$.ticket.id"
            }
          ],
          "requestBody": {
            "data": {
              "title.$": "$.ticket.subject",
              "description.$": "$.ticket.description",
              "status.$": "$.ticket.status",
              "priority.$": "$.ticket.priority"
            }
          }
        }
      }
    },
    "flow_post_ticket_to_webhook": {
      "type": "ZIS::Flow",
      "properties": {
        "name": "post_ticket_to_webhook_flow",
        "definition": {
          "StartAt": "LoadConfig",
          "States": {
            "LoadConfig": {
              "Type": "Action",
              "ActionName": "zis:common:action:LoadConfig",
              "Parameters": {
                "scope": "post-ticket-to-webhook"
              },
              "ResultPath": "$.model.config",
              "Next": "GetFullTicket"
            },
            "GetFullTicket": {
              "Type": "Action",
              "ActionName": "zis:%INTEGRATION_NAME%:action:action_get_ticket",
              "Parameters": {
                "ticketId.$": "{{$.input.ticket_event.ticket.id}}",
                "accessToken.$": "$.connections.zendesk.access_token"
              },
              "ResultPath": "$.model.fullTicket",
              "Next": "PostTicketToWebhook"
            },
            "PostTicketToWebhook": {
              "Type": "Action",
              "ActionName": "zis:%INTEGRATION_NAME%:action:action_post_ticket_data",
              "Parameters": {
                "webhookUrl.$": "$.model.config.webhookUrl",
                "ticket.$": "$.model.fullTicket.ticket"
              },
              "Next": "Done"
            },
            "Done": {
              "Type": "Succeed",
              "Message": "Execution Successful. Posted Ticket (ID: {{$.model.fullTicket.ticket.id}}) to external webhook"
            }
          }
        }
      }
    },
    "jobspec_post_ticket_to_webhook": {
      "type": "ZIS::JobSpec",
      "properties": {
        "name": "post_ticket_to_webhook",
        "event_source": "support",
        "event_type": "ticket.TicketCreated",
        "flow_name": "zis:%INTEGRATION_NAME%:flow:post_ticket_to_webhook_flow"
      }
    }
  }
}
