{
  "name": "Redact Ticket",
  "description": "Redact sensisble information from tickets using Regex expressions",
  "zis_template_version": "2019-10-14",
  "resources": {
    "action_redact_ticket_comment": {
      "type": "ZIS::Action::Http",
      "properties": {
        "name": "action_redact_ticket_comment",
        "definition": {
          "method": "PUT",
          "path.$": "/api/v2/tickets/{{$.ticketId}}/comments/{{$.commentId}}/redact",
          "headers": [
            {
              "key": "Authorization",
              "value": "Bearer {{$.accessToken}}"
            },
            {
              "key": "Content-Type",
              "value": "application/json"
            }
          ],
          "requestBody.$": "$.requestBody"
        }
      }
    },
    "flow_redact_ticket": {
      "type": "ZIS::Flow",
      "properties": {
        "name": "redact_ticket",
        "definition": {
          "StartAt": "LoadConfig",
          "States": {
            "LoadConfig": {
              "Type": "Action",
              "ActionName": "zis:common:action:LoadConfig",
              "Parameters": {
                "scope": "redact-ticket"
              },
              "ResultPath": "$.model.config",
              "Next": "InitializeModel"
            },
            "InitializeModel": {
              "Type": "Action",
              "ActionName": "zis:common:transform:Jq",
              "Parameters": {
                "expr.$": "(.accessToken=\"{{$.connections.zendesk.access_token}}\")",
                "data.$": "$.input"
              },
              "ResultPath": "$.model",
              "Next": "BuildLoopData"
            },
            "BuildLoopData": {
              "Type": "Action",
              "ActionName": "zis:common:transform:Jq",
              "Parameters": {
                "expr": ".input.ticket_event.comment.body as $comment | .model.config.regexExpressions | map( {regex: ., comment: $comment } )",
                "data.$": "$"
              },
              "ResultPath": "$.model.loopData",
              "Next": "ExtractTextsToRedact"
            },
            "ExtractTextsToRedact": {
              "Type": "Map",
              "ItemsPath": "$.model.loopData",
              "ResultPath": "$.model.responses",
              "Iterator": {
                "StartAt": "ExecuteRegex",
                "States": {
                  "ExecuteRegex": {
                    "Type": "Action",
                    "ActionName": "zis:common:transform:Jq",
                    "Parameters": {
                      "expr": ".regex as $regex | .comment | [ match($regex ; \"g\") | .string ]",
                      "data.$": "$"
                    },
                    "ResultPath": "$.regexOutput",
                    "End": true
                  }
                }
              },
              "Next": "BuildRedactList"
            },
            "BuildRedactList": {
              "Type": "Action",
              "ActionName": "zis:common:transform:Jq",
              "Parameters": {
                "expr": "[ .[] | .regexOutput | .[] ] | unique | map_values( {text: .} )",
                "data.$": "$.model.responses"
              },
              "ResultPath": "$.model.redactList",
              "Next": "BuildUpdateCommentLoopData"
            },
            "BuildUpdateCommentLoopData": {
              "Type": "Action",
              "ActionName": "zis:common:transform:Jq",
              "Parameters": {
                "expr": ".input.ticket_event as $ticketEvent | .model.accessToken as $accessToken | .model.redactList | map({redactPayload: ., ticketEvent: $ticketEvent, accessToken: $accessToken})",
                "data.$": "$"
              },
              "ResultPath": "$.model.updateCommentLoopData",
              "Next": "RedactTicketComment"
            },
            "RedactTicketComment": {
              "Type": "Map",
              "ItemsPath": "$.model.updateCommentLoopData",
              "ResultPath": "$.model.updateResponses",
              "Iterator": {
                "StartAt": "RedactComment",
                "States": {
                  "RedactComment": {
                    "Type": "Action",
                    "ActionName": "zis:%INTEGRATION_NAME%:action:action_redact_ticket_comment",
                    "Parameters": {
                      "accessToken.$": "$.accessToken",
                      "ticketId.$": "$.ticketEvent.ticket.id",
                      "commentId.$": "$.ticketEvent.comment.id",
                      "requestBody.$": "$.redactPayload"
                    },
                    "ResultPath": "$.updateOutput",
                    "End": true
                  }
                }
              },
              "Next": "Done"
            },
            "Done": {
              "Type": "Succeed"
            }
          }
        }
      }
    },
    "jobspec_redact_ticket_when_comment_is_added": {
      "type": "ZIS::JobSpec",
      "properties": {
        "name": "redact_ticket_when_comment_is_added",
        "event_source": "support",
        "event_type": "ticket.CommentAdded",
        "flow_name": "zis:%INTEGRATION_NAME%:flow:redact_ticket"
      }
    }
  }
}