{
    "new": [
      {
        "CleanStatus": "Pending",
        "CreatedById": "0057Q000004JH9qQAG",
        "CreatedDate": "2022-05-08T13:54:26.000+0000",
        "DoNotCall": false,
        "Email": "john@test.com",
        "FirstName": "John",
        "HasOptedOutOfEmail": false,
        "HasOptedOutOfFax": false,
        "Id": "0037Q000009ggkIQAQ",
        "IsDeleted": false,
        "IsEmailBounced": false,
        "LastModifiedById": "0057Q000004JH9qQAG",
        "LastModifiedDate": "2022-05-08T13:54:26.000+0000",
        "LastName": "Smith",
        "OwnerId": "0057Q000004JH9qQAG",
        "Phone": "+44299283882",
        "SystemModstamp": "2022-05-08T13:54:26.000+0000",
        "attributes": {
          "type": "Contact",
          "url": "/services/data/v54.0/sobjects/Contact/0037Q000009ggkIQAQ"
        }
      }
    ],
    "old": [],
    "userId": "0037Q000009ggkIQAQ"
  }