{
    "zis_template_version": "2019-10-14",
    "name": "Send Slack notification when ticket is updated",
    "description": "Send Slack notification when ticket is updated",
    "resources": {
      "TicketCreatedJobSpec": {
        "type": "ZIS::JobSpec",
        "properties": {
          "name": "send-slack-notification-ticket-created",
          "event_source": "support",
          "event_type": "ticket.TicketCreated",
          "flow_name": "zis:%INTEGRATION_NAME%:flow:SendSlackNotification"
        }
      },
      "CommentAddedJobSpec": {
        "type": "ZIS::JobSpec",
        "properties": {
          "name": "send-slack-notification-comment-added",
          "event_source": "support",
          "event_type": "ticket.CommentAdded",
          "flow_name": "zis:%INTEGRATION_NAME%:flow:SendSlackNotification"
        }
      },
      "SendSlackNotification": {
        "type": "ZIS::Flow",
        "properties": {
          "name": "SendSlackNotification",
          "definition": {
            "StartAt": "LoadSettings",
            "States": {
              "LoadSettings": {
                "Type": "Action",
                "ActionName": "zis:common:action:LoadConfig",
                "Parameters": {
                    "scope": "post-message-to-slack-on-ticket-creation"
                },
                "ResultPath": "$.settings",
                "Next": "GetLinkedMessage"
              },
              "GetLinkedMessage": {
                "Type": "Action",
                "ActionName": "zis:common:action:LoadLinks",
                "Parameters": {
                  "link_type": "ticket_to_message",
                  "left_object_name.$": "ticket_id:{{$.input.ticket_event.ticket.id}}"
                },
                "ResultPath": "$.get_linked_message_response",
                "Next": "CheckLink"
              },
              "CheckLink": {
                "Type": "Choice",
                "Choices": [
                  {
                    "Variable": "$.get_linked_message_response.count",
                    "NumericEquals": 0,
                    "Next": "SendMessageOnTicketCreate"
                  },
                  {
                    "Variable": "$.get_linked_message_response.count",
                    "NumericEquals": 1,
                    "Next": "ExtractThreadId"
                  }
                ]
              },
              "SendMessageOnTicketCreate": {
                "Type": "Action",
                "ActionName": "zis:%INTEGRATION_NAME%:action:PostToSlack",
                "Parameters": {
                  "text.$": ":rotating_light: A <https://{{$.subdomain}}.zendesk.com/agent/tickets/{{$.input.ticket_event.ticket.id}}| ticket> was created!",
                  "slack_channel.$": "$.settings.channel",
                  "thread_ts": 0,
                  "access_token.$": "$.connections.slack.access_token"
                },
                "ResultPath": "$.send_message_response",
                "Next": "CreateLink"
              },
              "ExtractThreadId": {
                "Type": "Action",
                "ActionName": "zis:common:transform:Jq",
                "Parameters": {
                  "expr": ".right_object.name | split(\":\")[1]",
                  "data.$": "$.get_linked_message_response.links[0]"
                },
                "ResultPath": "$.thread_id",
                "Next": "ThreadMessageOnTicketUpdate"
              },
              "ThreadMessageOnTicketUpdate": {
                "Type": "Action",
                "ActionName": "zis:%INTEGRATION_NAME%:action:PostToSlack",
                "Parameters": {
                  "text.$": "$.input.ticket_event.comment.body",
                  "slack_channel.$": "$.settings.channel",
                  "thread_ts.$": "$.thread_id",
                  "access_token.$": "$.connections.slack.access_token"
                },
                "Next": "Done"
              },
              "CreateLink": {
                "Type": "Action",
                "ActionName": "zis:common:action:CreateLink",
                "Parameters": {
                  "link_type": "ticket_to_message",
                  "left_object": {
                    "name.$": "ticket_id:{{$.input.ticket_event.ticket.id}}"
                  },
                  "right_object": {
                    "name.$": "thread_ts:{{$.send_message_response.message.ts}}"
                  }
                },
                "Next": "Done"
              },
              "Done": {
                "Type": "Succeed"
              }
            }
          }
        }
      },
      "PostToSlack": {
        "type": "ZIS::Action::Http",
        "properties": {
          "name": "PostToSlack",
          "definition": {
            "method": "POST",
            "url": "https://slack.com/api/chat.postMessage",
            "headers": [
              {
                "key": "Authorization",
                "value.$": "Bearer {{$.access_token}}"
              },
              {
                "key": "Content-Type",
                "value": "application/json"
              }
            ],
            "requestBody": {
              "text.$": "$.text",
              "channel": "$.slack_channel",
              "thread_ts.$": "$.thread_ts"
            }
          }
        }
      }
    }
  }